Cultivar	Codons	variance_of_RSCU_within_groups
within_groups	GCA	0.076146714666667
within_groups	GCC	0.094862213666667
within_groups	GCG	0.034570525666667
within_groups	GCU	0.080185865666667
within_groups	UGC	0.067962857666667
within_groups	UGU	0.067962857666667
within_groups	GAC	0.062018409666667
within_groups	GAU	0.062018409666667
within_groups	GAA	0.049278561666667
within_groups	GAG	0.049278561666667
within_groups	UUC	0.10856770666667
within_groups	UUU	0.10856770666667
within_groups	GGA	0.028211621666667
within_groups	GGC	0.050039365666667
within_groups	GGG	0.023075331
within_groups	GGU	0.063457404
within_groups	CAC	0.082847151
within_groups	CAU	0.082847151
within_groups	AUA	0.036404110666667
within_groups	AUC	0.193573808
within_groups	AUU	0.070089931
within_groups	AAA	0.014046108
within_groups	AAG	0.014046108
within_groups	CUA	0.027702798666667
within_groups	CUC	0.061843261666667
within_groups	CUG	0.395447456
within_groups	CUU	0.169539207
within_groups	UUA	0.045154815
within_groups	UUG	0.055661822666667
within_groups	AAC	0.098978212
within_groups	AAU	0.098978212
within_groups	CCA	0.043502182666667
within_groups	CCC	0.074971984
within_groups	CCG	0.012387748
within_groups	CCU	0.061422946666667
within_groups	CAA	0.034362354666667
within_groups	CAG	0.034362354666667
within_groups	AGA	0.298428731
within_groups	AGG	0.038926369666667
within_groups	CGA	0.10327867766667
within_groups	CGC	0.058380184
within_groups	CGG	0.10291045066667
within_groups	CGU	0.103584788
within_groups	AGC	0.199420787
within_groups	AGU	0.13906675366667
within_groups	UCA	0.16241415466667
within_groups	UCC	0.0958055
within_groups	UCG	0.016846670666667
within_groups	UCU	0.071555985666667
within_groups	ACA	0.088092093666667
within_groups	ACC	0.10683414
within_groups	ACG	0.01925374
within_groups	ACU	0.191648068
within_groups	GUA	0.164296127
within_groups	GUC	0.14155136
within_groups	GUG	0.16570885366667
within_groups	GUU	0.12624875466667
within_groups	UAC	0.091433128
within_groups	UAU	0.091433128
