Cultivar	Codons	variance_of_RSCU_within_species
within_species	GCA	0.0016650357142857
within_species	GCC	0.00047604571428571
within_species	GCG	0.0010604680952381
within_species	GCU	0.00088346904761905
within_species	UGC	0.00046882952380952
within_species	UGU	0.00046882952380952
within_species	GAC	0.00040079
within_species	GAU	0.00040079
within_species	GAA	0.00026005142857143
within_species	GAG	0.00026005142857143
within_species	UUC	0.00037021904761905
within_species	UUU	0.00037021904761905
within_species	GGA	0.00011880666666667
within_species	GGC	6.3506666666667e-05
within_species	GGG	0.00022176571428571
within_species	GGU	2.6952380952381e-05
within_species	CAC	0.002361259047619
within_species	CAU	0.002361259047619
within_species	AUA	0.00087995476190476
within_species	AUC	0.00069308952380952
within_species	AUU	0.00033068476190476
within_species	AAA	8.626619047619e-05
within_species	AAG	8.626619047619e-05
within_species	CUA	0.00016084666666667
within_species	CUC	0.0012260057142857
within_species	CUG	0.0010804757142857
within_species	CUU	0.002282109047619
within_species	UUA	0.00080881
within_species	UUG	0.0011926228571429
within_species	AAC	0.00081573142857143
within_species	AAU	0.00081573142857143
within_species	CCA	0.00014840952380952
within_species	CCC	0.00010724952380952
within_species	CCG	0.00019060142857143
within_species	CCU	0.00019633571428571
within_species	CAA	0.00031133904761905
within_species	CAG	0.00031133904761905
within_species	AGA	0.0014981657142857
within_species	AGG	0.0018921395238095
within_species	CGA	0.00033323
within_species	CGC	0.00061623952380952
within_species	CGG	0.0014624280952381
within_species	CGU	0.0016644723809524
within_species	AGC	0.0013888947619048
within_species	AGU	0.002577509047619
within_species	UCA	0.00093372238095238
within_species	UCC	0.0019792323809524
within_species	UCG	0.0030625723809524
within_species	UCU	0.0012407828571429
within_species	ACA	0.0034885533333333
within_species	ACC	0.0025515361904762
within_species	ACG	0.001693449047619
within_species	ACU	0.00034057285714286
within_species	GUA	0.0036249961904762
within_species	GUC	0.0013647814285714
within_species	GUG	0.0015175080952381
within_species	GUU	0.0013530380952381
within_species	UAC	0.0010854433333333
within_species	UAU	0.0010854433333333
